opa,opa@gmail.com,123
opa,opa@gmail.com,123
opa,opa@gmail.com,123
opa,opa@gmail.com,123
opa,opa@gmail.com,123
opa,opa@gmail.clom,1231
as,as@gmail.clm,1231
a,a@gmail.com,a
a,a@a,a
koira,koira@gmail.com,$2b$10$9kCU4Q43Cs6LeAr9MkabMeVbFXQAtf33sY3y.qnn/IRTeNhGmelr2
kissa,kissa@gmail.com,$2b$10$B9RHiEALwa.1P3uk0Go1Ne5aUzciOpKfsnv.F4vqsT4ogJvyJL21G
testuser,testuser@gmail.com,123
testuser,testuser@gmail.com,123
testuser,testuser@gmail.com,123
liina,liina@gmail.com,liinaPass
Jonne,jonne@gmail.com,jonnePass
